quarter,industry,op_margin,net_margin,roe,n
107Q4,光電業,4.1059,3.8731,5.1258,57
107Q4,其他,12.1014,11.8307,14.4055,42
107Q4,其他電子業,3.329,3.1189,11.4781,36
107Q4,化學工業,6.7992,5.6198,7.7901,25
107Q4,半導體業,24.2456,22.6374,16.9209,63
107Q4,塑膠工業,8.3264,12.8606,12.4089,20
107Q4,居家生活,11.1015,9.3129,16.9902,7
107Q4,建材營造,13.7374,11.2493,8.3837,46
107Q4,數位雲端,3.9657,3.9615,21.3955,3
107Q4,橡膠工業,6.7232,3.8345,4.8499,9
107Q4,水泥工業,21.2703,15.3968,9.2727,7
107Q4,汽車工業,5.4514,7.0792,8.9947,28
107Q4,油電燃氣業,8.5411,7.7995,16.7881,7
107Q4,玻璃陶瓷,3.6619,1.1118,1.1193,5
107Q4,生技醫療業,9.3202,6.959,5.4829,32
107Q4,紡織纖維,5.2518,5.1351,5.9621,35
107Q4,綠能環保,17.5726,14.8999,15.1977,8
107Q4,航運業,2.3058,1.165,2.4186,23
107Q4,觀光餐旅,5.5772,4.3021,9.8913,11
107Q4,貿易百貨,7.0019,6.6522,17.2318,15
107Q4,資訊服務業,4.6398,4.6388,7.9712,11
107Q4,通信網路業,8.2123,9.5074,11.2907,37
107Q4,造紙工業,4.2706,3.2934,6.548,5
107Q4,運動休閒,6.2952,5.071,15.7218,14
107Q4,鋼鐵工業,6.8524,5.1369,8.4983,24
107Q4,電器電纜,4.5135,4.7654,9.9388,14
107Q4,電子通路業,1.9466,1.4389,12.9452,17
107Q4,電子零組件業,10.065,8.573,15.7796,91
107Q4,電機機械,4.0048,3.8802,5.3572,39
107Q4,電腦及週邊設備業,1.8839,1.5559,8.4792,57
107Q4,食品工業,5.9563,4.7261,12.881,23
108Q1,光電業,2.9525,3.0238,4.0043,57
108Q1,其他,12.2833,11.901,13.0431,42
108Q1,其他電子業,3.1134,3.0321,10.7085,36
108Q1,化學工業,6.4006,5.7487,7.6832,25
108Q1,半導體業,22.6297,21.3205,15.1009,63
108Q1,塑膠工業,7.2778,11.5685,10.4943,20
108Q1,居家生活,11.425,9.8846,17.3681,7
108Q1,建材營造,13.1185,13.3886,9.398,45
108Q1,數位雲端,3.9021,3.9805,20.9359,3
108Q1,橡膠工業,6.4411,4.029,4.9327,9
108Q1,水泥工業,21.5665,16.0477,9.3321,7
108Q1,汽車工業,5.1417,7.3589,8.8159,28
108Q1,油電燃氣業,7.2131,6.8086,13.8215,7
108Q1,玻璃陶瓷,1.6396,-0.7479,-0.7161,5
108Q1,生技醫療業,12.0746,9.5954,7.8372,31
108Q1,紡織纖維,5.2004,5.2392,6.0739,35
108Q1,綠能環保,17.6753,14.8204,14.7424,8
108Q1,航運業,3.1419,1.5594,3.2132,23
108Q1,觀光餐旅,5.5592,4.8949,10.8323,11
108Q1,貿易百貨,5.6895,6.5231,15.1928,14
108Q1,資訊服務業,5.0154,5.1042,8.7949,11
108Q1,通信網路業,8.4974,6.7137,7.7816,37
108Q1,造紙工業,4.3982,2.4956,4.7192,5
108Q1,運動休閒,6.4837,5.5052,15.135,14
108Q1,鋼鐵工業,6.5471,4.7807,7.7874,23
108Q1,電器電纜,3.0151,3.8637,7.4071,14
108Q1,電子通路業,1.9332,1.3808,11.78,17
108Q1,電子零組件業,10.058,8.852,15.6356,91
108Q1,電機機械,3.6322,5.1386,6.6155,38
108Q1,電腦及週邊設備業,1.7958,1.5084,7.9729,57
108Q1,食品工業,6.0208,5.0215,13.0331,23
108Q2,光電業,2.6135,2.861,3.8941,58
108Q2,其他,12.4888,11.7141,12.8595,42
108Q2,其他電子業,2.9926,2.8588,10.6524,37
108Q2,化學工業,6.0515,5.3846,7.3247,25
108Q2,半導體業,18.9809,17.5849,15.1115,66
108Q2,塑膠工業,6.2704,9.7227,9.1723,20
108Q2,居家生活,13.0849,10.8985,20.2899,8
108Q2,建材營造,12.6782,12.5713,8.9278,45
108Q2,數位雲端,3.7861,3.5553,22.6785,3
108Q2,橡膠工業,6.4974,4.1052,5.1452,9
108Q2,水泥工業,21.8926,17.0314,10.239,7
108Q2,汽車工業,4.7173,6.2595,7.8207,28
108Q2,油電燃氣業,4.8028,4.7989,10.4765,7
108Q2,玻璃陶瓷,-0.9399,-2.7934,-2.7047,5
108Q2,生技醫療業,11.9588,9.0015,7.643,31
108Q2,紡織纖維,4.8657,4.5394,5.5708,35
108Q2,綠能環保,17.8023,16.0158,17.3493,9
108Q2,航運業,3.5976,1.7559,3.7823,23
108Q2,觀光餐旅,5.1082,4.0131,9.4143,11
108Q2,貿易百貨,5.6721,6.1559,14.0148,14
108Q2,資訊服務業,5.1389,4.8677,9.1964,11
108Q2,通信網路業,8.5242,6.6699,8.347,38
108Q2,造紙工業,4.0994,1.9716,3.6807,5
108Q2,運動休閒,6.7297,5.7201,15.801,14
108Q2,鋼鐵工業,5.8674,4.1428,6.8499,23
108Q2,電器電纜,2.1084,3.7003,6.8582,15
108Q2,電子通路業,1.9231,1.3447,11.9636,17
108Q2,電子零組件業,9.6862,8.4559,15.8566,92
108Q2,電機機械,3.1398,3.8267,4.9059,39
108Q2,電腦及週邊設備業,1.8668,1.5261,8.6879,58
108Q2,食品工業,6.3592,5.0494,14.0428,23
108Q3,光電業,1.65,1.8671,2.5227,58
108Q3,其他,12.7491,11.9987,12.6602,42
108Q3,其他電子業,2.9386,2.8986,10.8437,37
108Q3,化學工業,5.7351,5.2238,6.9093,25
108Q3,半導體業,18.7215,17.2956,14.6603,66
108Q3,塑膠工業,5.1056,8.3286,7.5099,21
108Q3,居家生活,13.4585,11.0348,19.9621,9
108Q3,建材營造,12.8209,12.4361,8.4467,48
108Q3,數位雲端,3.7612,3.2759,21.1329,3
108Q3,橡膠工業,6.4925,4.13,5.2303,9
108Q3,水泥工業,22.5921,17.9856,10.7299,7
108Q3,汽車工業,4.4048,5.2872,6.8821,28
108Q3,油電燃氣業,3.2677,3.8935,7.9457,8
108Q3,玻璃陶瓷,-2.1062,-3.2214,-3.1732,5
108Q3,生技醫療業,12.4187,9.186,7.7324,32
108Q3,紡織纖維,4.5248,3.8401,4.6955,35
108Q3,綠能環保,18.2616,14.6562,15.3308,9
108Q3,航運業,3.666,1.5214,3.2594,23
108Q3,觀光餐旅,5.3945,4.0542,9.2407,12
108Q3,貿易百貨,5.6649,6.5025,13.5178,14
108Q3,資訊服務業,5.2797,5.4355,9.8358,11
108Q3,通信網路業,8.6094,6.7305,8.273,38
108Q3,造紙工業,3.7708,2.0135,3.7259,5
108Q3,運動休閒,6.7965,5.9501,15.6596,14
108Q3,鋼鐵工業,4.5696,3.0745,4.9293,23
108Q3,電器電纜,2.4125,2.9371,5.0885,15
108Q3,電子通路業,1.8601,1.3603,11.1672,17
108Q3,電子零組件業,8.2434,7.3811,13.3222,92
108Q3,電機機械,2.9309,4.5969,5.5624,39
108Q3,電腦及週邊設備業,2.0239,1.6147,8.9426,58
108Q3,食品工業,6.6961,5.0227,13.9768,23
108Q4,光電業,0.9441,0.3072,0.4051,59
108Q4,其他,13.0336,12.0442,12.398,42
108Q4,其他電子業,2.6459,2.5719,9.2399,38
108Q4,化學工業,5.8048,5.341,6.821,25
108Q4,半導體業,19.1327,17.7117,15.0346,67
108Q4,塑膠工業,5.0144,9.1265,7.7793,21
108Q4,居家生活,13.3928,10.7871,19.1413,9
108Q4,建材營造,11.1483,12.161,7.9194,48
108Q4,數位雲端,3.6472,3.0911,20.5387,3
108Q4,橡膠工業,6.3721,3.8594,4.8739,9
108Q4,水泥工業,23.2994,19.4463,11.2806,7
108Q4,汽車工業,-4.629,-2.6335,-3.7919,28
108Q4,油電燃氣業,5.5935,5.7615,10.9626,8
108Q4,玻璃陶瓷,-2.2071,-2.9776,-2.9887,5
108Q4,生技醫療業,13.1267,9.658,8.1801,32
108Q4,紡織纖維,4.5578,4.5005,5.3515,35
108Q4,綠能環保,17.0666,14.6388,14.5382,9
108Q4,航運業,3.5378,1.2615,2.6563,23
108Q4,觀光餐旅,5.1946,4.0168,9.0985,12
108Q4,貿易百貨,5.7026,6.1132,12.6253,14
108Q4,資訊服務業,5.1903,6.6964,12.3686,11
108Q4,通信網路業,8.8266,6.8643,8.0716,38
108Q4,造紙工業,4.2011,2.5576,4.5921,5
108Q4,運動休閒,6.7695,5.4921,14.5065,14
108Q4,鋼鐵工業,3.1856,2.0302,3.1758,23
108Q4,電器電纜,3.1726,3.6535,5.8769,15
108Q4,電子通路業,1.8747,1.3783,11.505,17
108Q4,電子零組件業,8.0324,6.9524,12.2468,94
108Q4,電機機械,5.2232,6.7338,7.6696,41
108Q4,電腦及週邊設備業,2.1262,1.8162,9.7142,59
108Q4,食品工業,6.6818,5.0888,14.0545,23
109Q1,光電業,0.6835,-0.2928,-0.3778,59
109Q1,其他,13.2563,12.2822,13.2641,42
109Q1,其他電子業,2.4869,2.3438,8.4306,38
109Q1,化學工業,5.854,5.122,6.3717,25
109Q1,半導體業,21.086,19.0882,16.6964,67
109Q1,塑膠工業,3.9492,6.937,6.0926,21
109Q1,居家生活,13.1733,10.4757,18.1099,9
109Q1,建材營造,10.6629,8.3264,5.3133,48
109Q1,數位雲端,3.637,2.9919,19.9397,3
109Q1,橡膠工業,5.2478,1.951,2.4195,9
109Q1,水泥工業,23.243,18.676,10.5935,7
109Q1,汽車工業,-5.5528,-4.2187,-5.8751,28
109Q1,油電燃氣業,2.2872,3.1607,6.274,8
109Q1,玻璃陶瓷,-2.4487,-3.9551,-3.9496,5
109Q1,生技醫療業,13.1038,9.2623,7.7134,32
109Q1,紡織纖維,3.9759,3.858,4.5297,35
109Q1,綠能環保,16.2764,14.3711,13.7861,9
109Q1,航運業,2.4272,0.0576,0.1221,23
109Q1,觀光餐旅,3.7557,2.768,6.0403,12
109Q1,貿易百貨,5.3356,5.9239,13.7282,14
109Q1,資訊服務業,5.1293,6.0649,11.4758,11
109Q1,通信網路業,9.0426,6.9437,7.9598,38
109Q1,造紙工業,4.909,3.0813,5.5447,5
109Q1,運動休閒,5.9373,5.3007,14.46,14
109Q1,鋼鐵工業,2.032,1.0141,1.5422,23
109Q1,電器電纜,3.0976,2.9821,4.7094,15
109Q1,電子通路業,1.8804,1.392,12.2389,17
109Q1,電子零組件業,8.0851,6.8599,12.1531,94
109Q1,電機機械,5.5039,5.2441,5.8786,41
109Q1,電腦及週邊設備業,2.1374,1.821,9.8184,59
109Q1,食品工業,6.6002,4.6804,12.8858,23
109Q2,光電業,0.6806,-0.5012,-0.6602,60
109Q2,其他,14.0437,12.0147,11.8496,43
109Q2,其他電子業,2.6522,2.4607,9.128,38
109Q2,化學工業,7.0001,6.2631,7.7004,25
109Q2,半導體業,22.7228,20.6805,18.7417,67
109Q2,塑膠工業,3.5951,6.0839,5.1643,21
109Q2,居家生活,13.4982,10.3738,19.4305,9
109Q2,建材營造,12.3912,10.378,7.2404,48
109Q2,數位雲端,3.4864,3.0269,23.9737,3
109Q2,橡膠工業,4.6717,2.0706,2.4185,9
109Q2,水泥工業,23.7098,18.581,10.7294,7
109Q2,汽車工業,-5.2029,-3.1942,-4.8199,29
109Q2,油電燃氣業,-0.8614,0.7838,1.501,8
109Q2,玻璃陶瓷,-2.1614,-3.7098,-3.6758,5
109Q2,生技醫療業,10.8336,8.1343,6.567,35
109Q2,紡織纖維,3.181,3.1949,3.523,35
109Q2,綠能環保,15.3725,12.6619,13.5479,9
109Q2,航運業,3.3186,0.7724,1.5261,23
109Q2,觀光餐旅,2.7443,2.1257,4.1133,12
109Q2,貿易百貨,4.737,5.0472,10.2754,14
109Q2,資訊服務業,5.2214,6.6004,13.3799,11
109Q2,通信網路業,9.238,7.0394,8.5604,38
109Q2,造紙工業,5.1787,3.8621,6.6643,5
109Q2,運動休閒,5.1033,4.5735,11.5415,14
109Q2,鋼鐵工業,0.9767,0.1759,0.2586,23
109Q2,電器電纜,4.9819,4.322,6.4254,15
109Q2,電子通路業,1.898,1.4459,12.0816,17
109Q2,電子零組件業,8.9771,7.2731,13.0025,94
109Q2,電機機械,6.5783,6.9791,7.5416,42
109Q2,電腦及週邊設備業,2.4474,2.079,11.5033,59
109Q2,食品工業,6.6987,5.0346,14.331,23
109Q3,光電業,1.857,0.532,0.6887,60
109Q3,其他,14.9149,13.0214,11.8054,43
109Q3,其他電子業,2.708,2.4442,8.6157,38
109Q3,化學工業,7.3749,6.6173,7.6527,25
109Q3,半導體業,23.7101,21.5004,19.6319,67
109Q3,塑膠工業,4.4592,6.4472,5.1654,21
109Q3,居家生活,14.1828,10.4232,19.0363,9
109Q3,建材營造,12.0864,10.2869,7.249,48
109Q3,數位雲端,3.5306,3.1315,24.5549,3
109Q3,橡膠工業,6.712,3.5948,4.0566,9
109Q3,水泥工業,24.5622,19.5286,10.651,7
109Q3,汽車工業,-5.0426,-2.107,-3.0753,30
109Q3,油電燃氣業,0.5838,1.5793,2.5546,8
109Q3,玻璃陶瓷,0.7101,-0.1802,-0.1722,5
109Q3,生技醫療業,11.1623,8.3428,6.5319,35
109Q3,紡織纖維,3.1795,3.3729,3.5195,36
109Q3,綠能環保,15.416,12.4675,13.7489,9
109Q3,航運業,4.4489,1.7894,3.2792,23
109Q3,觀光餐旅,2.7802,2.4007,3.9785,12
109Q3,貿易百貨,4.531,4.7845,9.337,14
109Q3,資訊服務業,5.5806,7.0633,13.9776,11
109Q3,通信網路業,9.4768,7.3225,8.7448,38
109Q3,造紙工業,6.1441,4.8506,7.919,5
109Q3,運動休閒,4.6015,4.5769,10.6583,14
109Q3,鋼鐵工業,0.9347,0.1455,0.2054,23
109Q3,電器電纜,6.0634,6.3991,9.0778,15
109Q3,電子通路業,1.9062,1.5294,12.5376,17
109Q3,電子零組件業,9.5722,7.4592,12.7762,94
109Q3,電機機械,7.3159,6.7503,7.1668,43
109Q3,電腦及週邊設備業,2.6566,2.2807,12.3564,59
109Q3,食品工業,6.98,5.4745,14.8311,23
109Q4,光電業,4.629,3.7485,4.7588,61
109Q4,其他,15.5228,14.0792,11.8891,43
109Q4,其他電子業,2.5698,2.4817,8.5339,38
109Q4,化學工業,7.9886,6.6589,7.5029,25
109Q4,半導體業,24.3111,22.3016,20.3497,68
109Q4,塑膠工業,7.6506,9.38,6.9695,21
109Q4,居家生活,14.8681,10.6663,18.8243,10
109Q4,建材營造,13.6746,11.0726,8.1273,49
109Q4,數位雲端,3.5801,3.2463,25.3136,3
109Q4,橡膠工業,10.4804,7.2196,7.9366,10
109Q4,水泥工業,25.6525,20.6915,10.6519,7
109Q4,汽車工業,3.1035,5.9867,8.4476,31
109Q4,油電燃氣業,1.2497,2.4416,3.2603,8
109Q4,玻璃陶瓷,4.3253,4.2197,3.8648,5
109Q4,生技醫療業,9.6805,7.8576,5.9521,36
109Q4,紡織纖維,3.9806,3.6582,3.6811,36
109Q4,綠能環保,15.2606,11.2527,12.9468,9
109Q4,航運業,9.5068,6.1159,10.1129,23
109Q4,觀光餐旅,2.0333,2.3294,3.2949,13
109Q4,貿易百貨,4.0408,4.8673,8.5332,14
109Q4,資訊服務業,5.9707,6.3763,12.2203,11
109Q4,通信網路業,9.4795,7.4775,9.0146,39
109Q4,造紙工業,7.1267,5.4957,8.3773,5
109Q4,運動休閒,4.6487,5.015,10.5911,14
109Q4,鋼鐵工業,2.7482,1.8547,2.502,23
109Q4,電器電纜,6.3092,6.6343,8.832,15
109Q4,電子通路業,1.9067,1.6137,12.6536,17
109Q4,電子零組件業,9.9191,7.8233,13.039,94
109Q4,電機機械,7.6829,6.6972,7.0585,43
109Q4,電腦及週邊設備業,2.8041,2.458,13.0383,59
109Q4,食品工業,6.9471,5.6631,14.7452,23
110Q1,光電業,7.8008,7.191,9.4916,61
110Q1,其他,16.283,15.5072,14.1048,43
110Q1,其他電子業,2.7956,2.797,10.3854,38
110Q1,化學工業,8.9685,7.4766,8.5043,25
110Q1,半導體業,24.8687,23.2648,21.3158,68
110Q1,塑膠工業,11.6856,14.3286,10.9085,21
110Q1,居家生活,15.5352,11.2001,20.2244,10
110Q1,建材營造,14.4713,12.6114,9.6656,49
110Q1,數位雲端,3.8546,3.62,27.1751,3
110Q1,橡膠工業,13.9978,10.8796,12.6582,10
110Q1,水泥工業,25.8158,21.6387,11.1407,7
110Q1,汽車工業,3.9116,6.7583,9.5558,31
110Q1,油電燃氣業,8.8585,8.6103,10.5409,8
110Q1,玻璃陶瓷,8.8599,8.5608,8.2728,5
110Q1,生技醫療業,10.425,9.7735,7.4077,36
110Q1,紡織纖維,4.9121,4.967,5.0237,36
110Q1,綠能環保,15.3939,11.2987,13.4931,9
110Q1,航運業,19.3317,14.976,22.7192,23
110Q1,觀光餐旅,3.1376,3.5099,4.7429,13
110Q1,貿易百貨,4.2529,6.1713,12.0457,14
110Q1,資訊服務業,5.8994,6.9212,13.7298,11
110Q1,通信網路業,9.3103,7.4592,9.1362,39
110Q1,造紙工業,8.2897,6.2221,9.8535,5
110Q1,運動休閒,6.0335,6.3239,14.6096,14
110Q1,鋼鐵工業,6.0026,4.5749,6.319,23
110Q1,電器電纜,6.8971,8.5222,11.1373,15
110Q1,電子通路業,1.9824,1.7023,14.1394,17
110Q1,電子零組件業,10.5525,8.5057,14.7369,94
110Q1,電機機械,8.8418,7.3541,7.9449,43
110Q1,電腦及週邊設備業,3.2153,2.8115,15.3882,59
110Q1,食品工業,7.0413,5.9837,15.5492,23
110Q2,光電業,11.2153,10.4655,13.9347,61
110Q2,其他,16.9938,16.0511,15.039,43
110Q2,其他電子業,2.8475,2.7706,10.5211,39
110Q2,化學工業,8.4181,7.0082,8.1655,25
110Q2,半導體業,25.5706,23.7611,23.0112,69
110Q2,塑膠工業,14.8049,17.0536,14.7834,21
110Q2,居家生活,15.0209,10.8511,21.9912,10
110Q2,建材營造,14.1751,12.0159,9.0877,50
110Q2,數位雲端,4.4432,4.0118,35.0028,3
110Q2,橡膠工業,15.2188,11.1379,13.5587,10
110Q2,水泥工業,24.8053,21.2421,10.8944,7
110Q2,汽車工業,4.7685,6.8028,10.1693,31
110Q2,油電燃氣業,12.9749,11.7284,16.2351,8
110Q2,玻璃陶瓷,13.8224,13.4004,13.5825,5
110Q2,生技醫療業,12.2379,11.6244,8.7396,35
110Q2,紡織纖維,5.9672,5.6492,6.1192,36
110Q2,綠能環保,14.9498,10.7135,13.5806,9
110Q2,航運業,27.8098,22.348,32.7224,23
110Q2,觀光餐旅,2.131,2.751,3.4669,13
110Q2,貿易百貨,4.009,6.5712,12.5728,14
110Q2,資訊服務業,5.8928,6.2168,12.7703,11
110Q2,通信網路業,9.0892,7.3098,9.7639,39
110Q2,造紙工業,9.7628,6.9122,10.6115,5
110Q2,運動休閒,7.1433,7.1591,16.4038,14
110Q2,鋼鐵工業,9.7472,7.6047,11.0689,24
110Q2,電器電纜,6.022,7.8697,10.4927,15
110Q2,電子通路業,2.0972,1.845,16.0481,18
110Q2,電子零組件業,10.5891,8.3978,15.3048,94
110Q2,電機機械,9.518,7.8373,8.465,43
110Q2,電腦及週邊設備業,3.3706,3.0991,17.1834,59
110Q2,食品工業,6.5947,5.6963,15.8293,23
110Q3,光電業,13.2123,12.5709,16.6481,61
110Q3,其他,17.2268,15.7391,15.0678,43
110Q3,其他電子業,2.7934,2.8324,10.7773,39
110Q3,化學工業,8.3648,7.2603,8.9104,25
110Q3,半導體業,26.784,24.8335,24.3816,69
110Q3,塑膠工業,15.6528,16.7752,15.1039,21
110Q3,居家生活,13.6821,10.1668,19.4588,10
110Q3,建材營造,14.7438,12.1401,9.2238,50
110Q3,數位雲端,4.7819,4.1036,35.24,3
110Q3,橡膠工業,13.913,11.0233,13.3841,10
110Q3,水泥工業,21.5277,19.0899,9.8461,7
110Q3,汽車工業,5.1718,6.433,9.4591,31
110Q3,油電燃氣業,10.2662,9.3729,14.3169,8
110Q3,玻璃陶瓷,17.5438,19.0922,19.135,5
110Q3,生技醫療業,12.7604,11.6124,9.0381,35
110Q3,紡織纖維,5.6892,5.4847,6.0966,35
110Q3,綠能環保,13.9418,10.0752,12.1497,9
110Q3,航運業,38.947,31.8518,44.7135,23
110Q3,觀光餐旅,-1.7983,2.4632,2.9525,13
110Q3,貿易百貨,3.7354,6.4584,12.3609,14
110Q3,資訊服務業,5.7201,5.5828,11.8326,11
110Q3,通信網路業,8.9623,7.2908,9.5491,40
110Q3,造紙工業,9.4122,6.4058,10.3877,5
110Q3,運動休閒,6.128,6.6773,15.1424,14
110Q3,鋼鐵工業,12.7191,9.8509,15.5221,24
110Q3,電器電纜,6.2254,7.9888,11.8787,15
110Q3,電子通路業,2.2461,2.1991,19.1078,18
110Q3,電子零組件業,10.5909,8.5149,15.4668,94
110Q3,電機機械,10.0343,8.2797,9.099,43
110Q3,電腦及週邊設備業,3.4044,3.2239,17.4153,59
110Q3,食品工業,5.9597,5.0842,13.981,23
110Q4,光電業,12.6118,12.2031,15.7572,62
110Q4,其他,17.3653,15.6593,14.976,43
110Q4,其他電子業,2.8548,2.7238,9.8406,40
110Q4,化學工業,8.2829,7.7014,9.4911,26
110Q4,半導體業,27.8677,25.8989,25.2624,70
110Q4,塑膠工業,15.0969,15.8087,14.6814,21
110Q4,居家生活,13.0494,9.7145,18.142,10
110Q4,建材營造,15.4706,13.6429,9.8431,50
110Q4,數位雲端,4.8987,4.0762,34.429,3
110Q4,橡膠工業,12.9195,9.4081,11.0949,10
110Q4,水泥工業,18.2419,17.586,8.9829,7
110Q4,汽車工業,6.0079,6.1717,8.6257,32
110Q4,油電燃氣業,8.6361,7.918,13.3216,8
110Q4,玻璃陶瓷,17.2325,20.181,19.2598,5
110Q4,生技醫療業,12.7007,10.8647,7.8648,35
110Q4,紡織纖維,5.2067,5.0189,5.7725,35
110Q4,綠能環保,13.8438,10.1351,11.451,9
110Q4,航運業,45.5385,37.5141,51.0937,23
110Q4,觀光餐旅,-0.7029,6.6346,7.5453,14
110Q4,貿易百貨,3.8896,6.6469,12.2726,15
110Q4,資訊服務業,5.8014,4.3658,9.2841,11
110Q4,通信網路業,8.9532,7.4467,9.5425,41
110Q4,造紙工業,8.3158,6.0031,9.7474,6
110Q4,運動休閒,5.5949,6.9764,14.3354,15
110Q4,鋼鐵工業,13.993,10.7924,17.412,24
110Q4,電器電纜,7.5017,9.3934,13.9918,15
110Q4,電子通路業,2.3617,2.2541,19.1159,18
110Q4,電子零組件業,10.776,8.7716,15.4547,95
110Q4,電機機械,10.3429,9.0218,9.5385,43
110Q4,電腦及週邊設備業,3.5015,3.325,17.3334,59
110Q4,食品工業,5.8258,4.7458,12.7426,23
111Q1,光電業,11.2201,10.6181,13.5312,62
111Q1,其他,17.3816,15.2776,15.4437,43
111Q1,其他電子業,2.9531,2.6652,9.6954,40
111Q1,化學工業,7.8649,7.9194,9.862,26
111Q1,半導體業,29.4476,26.8942,26.4908,70
111Q1,塑膠工業,13.4739,14.4255,13.2063,21
111Q1,居家生活,12.374,9.6803,17.3146,10
111Q1,建材營造,16.4038,14.0292,10.2855,49
111Q1,數位雲端,4.8742,3.9287,32.0602,3
111Q1,橡膠工業,10.3589,7.6361,8.7097,10
111Q1,水泥工業,15.5532,16.2304,7.9965,7
111Q1,汽車工業,5.9785,6.573,8.788,32
111Q1,油電燃氣業,7.2465,6.7055,11.7788,8
111Q1,玻璃陶瓷,15.8535,19.617,17.8884,5
111Q1,生技醫療業,12.8947,9.868,7.2615,35
111Q1,紡織纖維,5.6558,5.1802,6.0284,35
111Q1,綠能環保,13.4984,10.0875,11.2405,9
111Q1,航運業,49.6722,41.4554,52.7701,23
111Q1,觀光餐旅,-0.3347,6.7251,7.6966,14
111Q1,貿易百貨,3.8035,5.7793,12.6129,15
111Q1,資訊服務業,6.0663,4.2469,9.1448,11
111Q1,通信網路業,9.0356,7.4974,9.5275,41
111Q1,造紙工業,6.2717,4.7202,7.7187,6
111Q1,運動休閒,5.5238,6.8507,14.9881,15
111Q1,鋼鐵工業,13.8248,10.6874,17.5792,23
111Q1,電器電纜,7.9353,9.2944,14.233,15
111Q1,電子通路業,2.4336,2.2963,19.6594,18
111Q1,電子零組件業,11.105,8.9696,15.3608,95
111Q1,電機機械,10.3906,9.2749,10.1649,43
111Q1,電腦及週邊設備業,3.4121,3.1442,16.9151,59
111Q1,食品工業,5.674,4.4597,11.7894,23
111Q2,光電業,7.5933,7.3878,9.1098,63
111Q2,其他,17.2159,15.3804,19.0418,44
111Q2,其他電子業,3.0797,2.7308,10.2216,40
111Q2,化學工業,7.5817,7.9152,10.5001,26
111Q2,半導體業,31.1513,28.2566,29.1752,74
111Q2,塑膠工業,10.8846,12.7979,13.0814,21
111Q2,居家生活,11.4579,9.2046,17.7877,10
111Q2,建材營造,16.291,13.5959,10.1907,49
111Q2,數位雲端,4.4736,3.524,32.3845,4
111Q2,橡膠工業,8.5924,6.1818,7.0197,10
111Q2,水泥工業,10.3663,12.7054,6.6948,7
111Q2,汽車工業,6.3809,3.7211,5.3867,32
111Q2,油電燃氣業,6.712,6.278,13.6077,8
111Q2,玻璃陶瓷,12.3824,16.823,16.1213,5
111Q2,生技醫療業,14.5594,10.7172,8.1507,36
111Q2,紡織纖維,5.5182,4.8422,6.023,35
111Q2,綠能環保,13.3434,10.1074,13.0441,10
111Q2,航運業,51.5789,43.0301,59.9722,23
111Q2,觀光餐旅,-0.4088,6.1061,7.183,14
111Q2,貿易百貨,4.01,6.513,25.4627,15
111Q2,資訊服務業,6.1321,4.1372,9.392,11
111Q2,通信網路業,9.2929,7.6855,10.7071,41
111Q2,造紙工業,4.0851,3.8018,6.3544,6
111Q2,運動休閒,5.5331,7.4288,20.9989,15
111Q2,鋼鐵工業,12.6252,9.8469,18.0562,23
111Q2,電器電纜,7.8052,9.3568,15.5975,15
111Q2,電子通路業,2.445,2.2471,19.8972,18
111Q2,電子零組件業,11.4569,9.4286,16.7995,95
111Q2,電機機械,10.5919,9.6082,10.255,44
111Q2,電腦及週邊設備業,3.2175,2.7755,15.6566,59
111Q2,食品工業,5.5607,4.1819,12.0472,23
111Q3,光電業,2.6519,3.43,4.0105,63
111Q3,其他,16.859,15.1379,17.8425,44
111Q3,其他電子業,3.1565,2.7335,10.2912,40
111Q3,化學工業,7.1679,7.8613,10.2776,26
111Q3,半導體業,32.3317,29.3654,29.0971,74
111Q3,塑膠工業,7.4983,10.0321,10.0994,21
111Q3,居家生活,11.8653,10.0485,17.8487,10
111Q3,建材營造,16.1726,13.6029,9.8599,49
111Q3,數位雲端,4.2785,3.4782,27.9639,4
111Q3,橡膠工業,7.9568,5.2192,5.7896,10
111Q3,水泥工業,8.125,11.7645,6.2187,7
111Q3,汽車工業,6.8066,3.7327,5.3764,32
111Q3,油電燃氣業,3.33,3.9489,9.5577,8
111Q3,玻璃陶瓷,5.175,6.7279,6.0312,5
111Q3,生技醫療業,15.1806,12.1625,9.264,37
111Q3,紡織纖維,5.4103,4.9432,6.2624,35
111Q3,綠能環保,12.8029,10.9687,14.0361,10
111Q3,航運業,49.6573,42.276,52.7016,23
111Q3,觀光餐旅,2.9307,6.1049,7.7078,14
111Q3,貿易百貨,4.2251,7.513,25.3213,15
111Q3,資訊服務業,5.988,4.2723,9.3156,11
111Q3,通信網路業,9.3232,7.6852,10.8341,41
111Q3,造紙工業,2.6042,3.404,5.5386,6
111Q3,運動休閒,7.4644,8.6323,24.2005,15
111Q3,鋼鐵工業,9.1444,7.453,13.0309,23
111Q3,電器電纜,6.7396,10.7253,15.9393,15
111Q3,電子通路業,2.381,2.1989,18.0101,18
111Q3,電子零組件業,12.0719,10.2054,17.3602,95
111Q3,電機機械,10.1678,11.7341,11.7194,44
111Q3,電腦及週邊設備業,3.0726,2.7701,14.8478,59
111Q3,食品工業,5.3611,4.0848,11.6046,23
111Q4,光電業,-0.7241,-0.1979,-0.219,63
111Q4,其他,16.3919,12.7327,13.1415,44
111Q4,其他電子業,3.0686,2.6145,9.9352,41
111Q4,化學工業,7.3589,7.9735,10.1011,26
111Q4,半導體業,33.4015,29.9403,28.6378,76
111Q4,塑膠工業,4.3262,6.1777,5.9875,21
111Q4,居家生活,11.6352,9.9979,17.085,11
111Q4,建材營造,15.5841,11.9083,8.185,49
111Q4,數位雲端,4.2624,3.4234,26.7538,4
111Q4,橡膠工業,6.0234,3.4593,3.7816,10
111Q4,水泥工業,5.2101,9.0352,4.6157,7
111Q4,汽車工業,7.318,1.5194,2.2672,32
111Q4,油電燃氣業,0.8922,1.9783,5.0315,8
111Q4,玻璃陶瓷,-0.0825,-0.6965,-0.6095,5
111Q4,生技醫療業,14.1278,11.4223,8.3211,40
111Q4,紡織纖維,5.3204,4.3794,5.5249,35
111Q4,綠能環保,13.2885,11.3668,13.9597,10
111Q4,航運業,43.296,36.9563,42.4508,23
111Q4,觀光餐旅,3.0058,5.007,6.2246,14
111Q4,貿易百貨,4.1148,5.5375,12.311,15
111Q4,資訊服務業,5.6654,5.0431,10.3587,11
111Q4,通信網路業,9.5101,7.4907,10.6624,41
111Q4,造紙工業,1.6275,2.4324,3.8406,6
111Q4,運動休閒,8.0999,7.4541,18.2548,15
111Q4,鋼鐵工業,5.7627,4.6416,7.7122,23
111Q4,電器電纜,5.0537,8.5325,12.4868,15
111Q4,電子通路業,2.3443,2.0448,16.5021,18
111Q4,電子零組件業,12.546,10.124,16.7643,96
111Q4,電機機械,10.0008,11.0705,10.6122,44
111Q4,電腦及週邊設備業,2.8713,2.4889,12.665,59
111Q4,食品工業,5.0716,4.4702,12.5408,23
112Q1,光電業,-4.2716,-3.234,-3.3511,63
112Q1,其他,15.8843,11.5939,11.6876,43
112Q1,其他電子業,3.1017,2.3482,9.3017,41
112Q1,化學工業,6.938,7.5484,9.2674,26
112Q1,半導體業,32.5204,29.3159,27.196,75
112Q1,塑膠工業,1.6683,3.3111,3.0603,21
112Q1,居家生活,11.7614,9.6381,15.5937,11
112Q1,建材營造,14.7266,10.5624,6.9613,49
112Q1,數位雲端,4.1382,3.3376,25.0848,4
112Q1,橡膠工業,5.4026,2.7632,3.0062,10
112Q1,水泥工業,4.7495,9.0323,4.6961,7
112Q1,汽車工業,7.7187,1.2533,1.8903,32
112Q1,油電燃氣業,-0.3954,1.0154,2.5498,8
112Q1,玻璃陶瓷,-4.197,-4.6816,-3.9784,5
112Q1,生技醫療業,14.6798,11.7176,9.0678,40
112Q1,紡織纖維,4.2835,3.1977,3.9985,35
112Q1,綠能環保,12.8602,10.6904,13.0297,10
112Q1,航運業,34.2028,28.9027,29.0569,23
112Q1,觀光餐旅,4.3965,6.0379,7.6992,14
112Q1,貿易百貨,4.2841,4.652,9.9059,15
112Q1,資訊服務業,5.7176,5.2921,11.1289,11
112Q1,通信網路業,9.6737,7.5631,10.8132,40
112Q1,造紙工業,0.9125,1.7632,2.781,6
112Q1,運動休閒,7.6886,6.2704,14.6356,15
112Q1,鋼鐵工業,3.9613,3.1284,4.9766,23
112Q1,電器電纜,4.6533,8.2764,12.1483,15
112Q1,電子通路業,2.2356,1.8429,14.1983,18
112Q1,電子零組件業,11.9839,9.5472,15.4634,96
112Q1,電機機械,9.7823,10.8906,10.1445,44
112Q1,電腦及週邊設備業,2.6758,2.3177,11.845,59
112Q1,食品工業,4.8215,4.3938,12.241,23
112Q2,光電業,-5.0288,-3.6408,-3.7215,63
112Q2,其他,15.1662,11.0727,11.4261,43
112Q2,其他電子業,2.9953,2.4229,9.3838,41
112Q2,化學工業,7.751,8.1297,9.7755,26
112Q2,半導體業,30.4869,27.8237,24.335,76
112Q2,塑膠工業,-1.3926,0.0109,0.0093,21
112Q2,居家生活,12.5273,10.4988,16.8291,11
112Q2,建材營造,14.5411,9.8882,6.5424,49
112Q2,數位雲端,4.0418,3.3203,30.2799,4
112Q2,橡膠工業,4.9233,2.8024,2.9439,10
112Q2,水泥工業,7.0521,10.7342,5.5842,7
112Q2,汽車工業,7.7608,4.5156,7.0559,33
112Q2,油電燃氣業,-3.4429,-1.0016,-2.2848,8
112Q2,玻璃陶瓷,-5.1879,-6.0014,-5.1639,5
112Q2,生技醫療業,13.9773,11.0432,7.9026,40
112Q2,紡織纖維,3.7339,2.8207,3.3703,35
112Q2,綠能環保,12.8568,11.8188,14.6737,12
112Q2,航運業,23.4519,19.6244,19.7353,23
112Q2,觀光餐旅,7.2893,8.8673,11.2974,14
112Q2,貿易百貨,4.6015,4.4273,9.7799,15
112Q2,資訊服務業,5.7071,5.7238,12.4922,11
112Q2,通信網路業,9.5973,7.6493,11.8228,41
112Q2,造紙工業,-0.0844,0.4644,0.7171,6
112Q2,運動休閒,7.1844,5.6193,13.0967,15
112Q2,鋼鐵工業,2.0096,1.5883,2.4222,23
112Q2,電器電纜,4.2413,7.2042,9.6702,15
112Q2,電子通路業,2.1348,1.7322,13.1897,18
112Q2,電子零組件業,10.9994,8.9226,14.4496,97
112Q2,電機機械,9.8358,10.3939,9.8237,45
112Q2,電腦及週邊設備業,2.7176,2.4397,11.9187,59
112Q2,食品工業,4.8688,4.5095,13.3347,23
112Q3,光電業,-3.3454,-2.8296,-2.8224,63
112Q3,其他,14.7487,11.4193,11.5052,43
112Q3,其他電子業,3.0101,2.5152,8.8969,41
112Q3,化學工業,8.5124,8.5764,9.5921,26
112Q3,半導體業,28.3052,26.0773,20.9144,76
112Q3,塑膠工業,-0.6542,0.6633,0.5363,21
112Q3,居家生活,12.7123,10.6116,15.7103,11
112Q3,建材營造,16.0868,10.2833,7.3123,49
112Q3,數位雲端,4.0363,3.312,28.4172,4
112Q3,橡膠工業,5.3453,2.753,2.6476,10
112Q3,水泥工業,8.2919,10.2091,5.0172,7
112Q3,汽車工業,7.9402,5.1628,7.839,33
112Q3,油電燃氣業,0.6995,1.9268,4.0067,8
112Q3,玻璃陶瓷,-2.9323,-2.6542,-2.3316,5
112Q3,生技醫療業,12.2119,9.5027,6.425,40
112Q3,紡織纖維,3.9484,2.5118,2.8489,35
112Q3,綠能環保,13.0293,12.2224,14.0164,12
112Q3,航運業,11.3209,10.2511,8.5063,23
112Q3,觀光餐旅,7.8405,8.856,12.5029,14
112Q3,貿易百貨,4.7558,4.1844,9.3509,15
112Q3,資訊服務業,5.8594,5.7996,12.3757,11
112Q3,通信網路業,9.6013,7.6103,11.2379,41
112Q3,造紙工業,0.1767,0.2054,0.3042,6
112Q3,運動休閒,6.3858,5.0636,10.7298,15
112Q3,鋼鐵工業,2.6556,1.6779,2.462,23
112Q3,電器電纜,4.6698,4.5016,5.9369,15
112Q3,電子通路業,2.0887,1.3348,9.3076,18
112Q3,電子零組件業,10.0802,7.9937,11.6602,98
112Q3,電機機械,10.228,8.2087,7.7382,45
112Q3,電腦及週邊設備業,2.8975,2.4589,10.8863,59
112Q3,食品工業,5.0746,4.5642,13.0615,23
112Q4,光電業,-2.3327,-1.782,-1.7841,65
112Q4,其他,14.1568,11.7935,11.7758,43
112Q4,其他電子業,3.0856,2.7398,9.4558,42
112Q4,化學工業,9.4572,8.9457,9.8116,26
112Q4,半導體業,26.2933,24.5342,19.2271,77
112Q4,塑膠工業,-0.5844,1.93,1.5466,21
112Q4,居家生活,12.8503,10.6261,15.4932,11
112Q4,建材營造,17.8567,11.5669,8.3661,50
112Q4,數位雲端,4.1458,3.5082,26.5917,6
112Q4,橡膠工業,6.5597,4.0172,3.8794,10
112Q4,水泥工業,9.3426,10.4901,4.8162,7
112Q4,汽車工業,7.9205,7.2476,10.8315,34
112Q4,油電燃氣業,2.3126,3.4053,6.7866,8
112Q4,玻璃陶瓷,0.3028,0.4674,0.4234,5
112Q4,生技醫療業,12.436,9.4197,6.2238,41
112Q4,紡織纖維,4.7487,4.0216,4.4345,35
112Q4,綠能環保,12.4364,11.954,12.727,13
112Q4,航運業,7.5273,6.9647,5.5724,23
112Q4,觀光餐旅,8.438,7.9063,11.5217,14
112Q4,貿易百貨,4.5461,4.3687,9.491,15
112Q4,資訊服務業,5.4872,5.4461,12.4868,11
112Q4,通信網路業,9.4859,7.5997,10.1158,42
112Q4,造紙工業,1.2165,1.1364,1.6402,6
112Q4,運動休閒,6.521,5.3938,10.8705,15
112Q4,鋼鐵工業,3.9744,2.7732,4.0391,23
112Q4,電器電纜,4.4126,4.5436,6.0687,15
112Q4,電子通路業,2.0395,1.3792,9.4513,18
112Q4,電子零組件業,9.3511,7.8176,11.0786,99
112Q4,電機機械,10.1479,8.449,8.0079,45
112Q4,電腦及週邊設備業,3.1431,2.6512,11.404,60
112Q4,食品工業,5.1995,3.9793,11.4466,23
113Q1,光電業,-0.8007,-0.0652,-0.0664,65
113Q1,其他,13.931,12.6628,12.5769,43
113Q1,其他電子業,3.1008,3.0194,10.1751,42
113Q1,化學工業,10.6221,9.668,10.4472,26
113Q1,半導體業,26.1899,24.4817,19.0933,77
113Q1,塑膠工業,-0.9485,1.9649,1.5858,21
113Q1,居家生活,13.4988,11.6959,17.8882,11
113Q1,建材營造,17.7902,11.3984,8.1174,50
113Q1,數位雲端,4.0972,3.5083,24.0192,6
113Q1,橡膠工業,7.5126,4.8397,4.7166,10
113Q1,水泥工業,9.8256,10.9899,4.8642,7
113Q1,汽車工業,7.8715,7.4305,11.116,33
113Q1,油電燃氣業,2.2113,3.4919,7.1152,8
113Q1,玻璃陶瓷,2.3036,1.639,1.4543,5
113Q1,生技醫療業,12.1343,9.9828,6.5598,41
113Q1,紡織纖維,5.1266,4.626,5.1827,35
113Q1,綠能環保,12.5321,12.2862,12.9742,13
113Q1,航運業,9.176,9.4567,7.5036,23
113Q1,觀光餐旅,8.4189,9.5902,11.6201,14
113Q1,貿易百貨,4.4277,5.2808,10.9313,15
113Q1,資訊服務業,5.2671,5.5588,13.2792,11
113Q1,通信網路業,9.2858,7.5974,9.806,42
113Q1,造紙工業,1.8571,1.7656,2.4856,6
113Q1,運動休閒,6.6852,6.3246,11.766,15
113Q1,鋼鐵工業,3.8699,2.9487,4.1557,23
113Q1,電器電纜,3.8054,3.7157,4.7662,15
113Q1,電子通路業,2.036,1.4241,9.8116,18
113Q1,電子零組件業,9.3028,8.1214,11.2631,99
113Q1,電機機械,10.0515,8.6866,8.3046,45
113Q1,電腦及週邊設備業,3.4033,2.9847,12.7367,60
113Q1,食品工業,5.3557,4.011,11.3982,23
113Q2,光電業,0.4912,1.2128,1.2472,67
113Q2,其他,13.6316,12.3636,12.7851,46
113Q2,其他電子業,3.2238,2.9448,10.064,42
113Q2,化學工業,10.3921,9.3625,10.1376,26
113Q2,半導體業,26.8555,24.796,19.8827,78
113Q2,塑膠工業,-0.0775,2.1445,1.7785,21
113Q2,居家生活,14.4098,12.3709,18.5425,11
113Q2,建材營造,18.4586,12.6269,9.6329,51
113Q2,數位雲端,4.0,3.4139,28.6732,6
113Q2,橡膠工業,8.2534,4.8393,4.6834,10
113Q2,水泥工業,9.4811,9.9978,4.5385,7
113Q2,汽車工業,7.3268,6.8047,9.8162,35
113Q2,油電燃氣業,3.2094,3.9582,8.0907,8
113Q2,玻璃陶瓷,1.8909,1.5303,1.3445,5
113Q2,生技醫療業,12.0001,10.628,7.1108,44
113Q2,紡織纖維,5.6411,5.0883,5.7927,35
113Q2,綠能環保,12.8441,11.5531,11.7916,15
113Q2,航運業,12.7421,13.4126,11.0882,23
113Q2,觀光餐旅,8.4951,8.9112,10.8293,14
113Q2,貿易百貨,4.4067,5.2904,11.3389,15
113Q2,資訊服務業,4.9022,5.3182,13.3161,11
113Q2,通信網路業,9.263,7.5641,10.5172,42
113Q2,造紙工業,2.3159,2.049,2.7903,6
113Q2,運動休閒,7.223,6.3077,12.0149,15
113Q2,鋼鐵工業,3.9802,3.0807,4.3199,23
113Q2,電器電纜,3.9113,4.2711,5.476,15
113Q2,電子通路業,2.0576,1.3626,9.8101,18
113Q2,電子零組件業,9.7663,8.439,11.85,99
113Q2,電機機械,9.67,8.8495,8.4146,45
113Q2,電腦及週邊設備業,3.6474,3.2059,13.6393,62
113Q2,食品工業,5.4219,4.0005,12.0212,23
113Q3,光電業,1.2153,1.5179,1.5992,67
113Q3,其他,13.5348,11.4528,11.5772,46
113Q3,其他電子業,3.2734,2.8815,9.8488,42
113Q3,化學工業,10.7972,9.4627,10.201,26
113Q3,半導體業,28.2333,25.8453,20.9211,78
113Q3,塑膠工業,-0.9143,-0.3702,-0.3226,21
113Q3,居家生活,14.9194,11.9887,17.4906,11
113Q3,建材營造,18.3476,13.5633,9.9288,51
113Q3,數位雲端,3.8568,3.2785,26.4561,6
113Q3,橡膠工業,9.0512,5.9488,5.897,10
113Q3,水泥工業,10.3436,9.8214,4.6528,7
113Q3,汽車工業,7.0988,6.3761,8.9948,35
113Q3,油電燃氣業,0.2059,1.334,2.7752,8
113Q3,玻璃陶瓷,-0.0806,-0.7189,-0.6187,5
113Q3,生技醫療業,12.9093,11.1402,7.5185,44
113Q3,紡織纖維,6.1865,5.2448,6.1086,35
113Q3,綠能環保,13.2079,10.631,10.3519,15
113Q3,航運業,21.1913,18.2023,15.9424,23
113Q3,觀光餐旅,7.8896,7.8399,10.4255,14
113Q3,貿易百貨,4.1808,4.4254,9.35,15
113Q3,資訊服務業,4.7747,5.1588,11.9699,11
113Q3,通信網路業,9.31,7.4949,10.2258,42
113Q3,造紙工業,2.1039,1.7031,2.3511,6
113Q3,運動休閒,7.7586,5.9311,11.242,15
113Q3,鋼鐵工業,3.7227,2.8112,3.8979,23
113Q3,電器電纜,3.4643,3.8362,4.9551,15
113Q3,電子通路業,2.0568,1.3185,10.2373,18
113Q3,電子零組件業,10.0916,8.2768,11.3683,99
113Q3,電機機械,11.3061,10.4991,9.6211,45
113Q3,電腦及週邊設備業,3.815,3.1471,13.2734,62
113Q3,食品工業,5.4038,3.9024,11.4108,23
113Q4,光電業,1.5271,3.9476,4.0853,67
113Q4,其他,13.2379,12.0742,12.1502,47
113Q4,其他電子業,3.417,2.8043,9.699,42
113Q4,化學工業,10.6377,9.8828,10.6193,26
113Q4,半導體業,29.7802,27.0185,21.8959,78
113Q4,塑膠工業,-1.2569,-0.3282,-0.3021,21
113Q4,居家生活,14.849,12.6721,17.5729,11
113Q4,建材營造,18.4356,14.073,10.2177,52
113Q4,數位雲端,4.1871,3.5347,17.5723,7
113Q4,橡膠工業,7.8036,5.2474,5.2483,10
113Q4,水泥工業,10.8648,10.7233,5.4867,7
113Q4,汽車工業,6.7534,6.5335,8.9105,36
113Q4,油電燃氣業,0.2186,1.3472,2.7947,8
113Q4,玻璃陶瓷,-1.2017,-1.8283,-1.5501,5
113Q4,生技醫療業,12.3812,11.6861,7.5961,47
113Q4,紡織纖維,6.0274,4.954,5.8902,35
113Q4,綠能環保,13.3941,12.0847,11.6787,18
113Q4,航運業,24.2881,21.4769,18.8968,23
113Q4,觀光餐旅,7.6985,7.1544,9.981,15
113Q4,貿易百貨,4.2194,6.0233,12.969,15
113Q4,資訊服務業,4.9805,5.4154,12.0587,11
113Q4,通信網路業,9.5325,7.8271,10.4965,43
113Q4,造紙工業,0.9402,1.1479,1.6237,6
113Q4,運動休閒,7.6347,6.2683,11.8404,17
113Q4,鋼鐵工業,3.4105,2.538,3.4799,23
113Q4,電器電纜,3.3971,3.4069,4.4997,15
113Q4,電子通路業,2.0486,1.2808,10.0721,18
113Q4,電子零組件業,9.7424,8.2723,11.1857,100
113Q4,電機機械,12.5065,12.5409,11.1754,45
113Q4,電腦及週邊設備業,3.7175,3.1576,13.3209,62
113Q4,食品工業,5.4217,4.0988,11.5919,23
114Q1,光電業,2.5495,4.7528,5.0582,66
114Q1,其他,12.6619,11.1021,10.9859,47
114Q1,其他電子業,3.462,2.965,10.7551,42
114Q1,化學工業,10.4267,9.4706,10.3119,25
114Q1,半導體業,30.9642,27.9141,23.0231,77
114Q1,塑膠工業,-1.1544,-0.7111,-0.6568,21
114Q1,居家生活,15.0082,12.5601,18.5498,11
114Q1,建材營造,17.9889,14.2584,10.2779,52
114Q1,數位雲端,3.9644,3.5182,16.8252,7
114Q1,橡膠工業,7.0478,4.7105,4.8953,10
114Q1,水泥工業,11.0812,9.2467,4.8722,7
114Q1,汽車工業,6.6618,6.1095,8.1109,36
114Q1,油電燃氣業,0.2638,1.1125,2.3146,8
114Q1,玻璃陶瓷,-1.4363,-2.0934,-1.7606,5
114Q1,生技醫療業,12.7048,12.2146,8.044,47
114Q1,紡織纖維,6.8437,5.0531,6.0139,35
114Q1,綠能環保,14.1203,12.0068,12.0109,18
114Q1,航運業,25.0465,21.684,18.9423,23
114Q1,觀光餐旅,7.606,5.1046,7.9332,15
114Q1,貿易百貨,4.1352,5.6562,12.2814,15
114Q1,資訊服務業,5.0644,4.8374,11.175,11
114Q1,通信網路業,9.8754,8.5324,11.3976,43
114Q1,造紙工業,0.2399,0.5633,0.8075,6
114Q1,運動休閒,7.5111,6.0406,11.3777,17
114Q1,鋼鐵工業,3.6926,2.3391,3.1899,23
114Q1,電器電纜,3.7076,3.1894,4.3435,15
114Q1,電子通路業,2.0559,1.2647,10.3714,18
114Q1,電子零組件業,10.2198,8.3568,11.6284,100
114Q1,電機機械,12.6766,12.1481,11.4022,45
114Q1,電腦及週邊設備業,4.0044,3.273,15.0543,62
114Q1,食品工業,5.4982,3.9718,11.3175,23
114Q2,光電業,2.7637,3.9222,4.466,66
114Q2,其他,12.4109,9.7766,10.4423,47
114Q2,其他電子業,3.5358,2.9198,12.3496,43
114Q2,化學工業,10.3197,8.8627,10.3073,25
114Q2,半導體業,32.2806,28.5966,25.3482,77
114Q2,塑膠工業,-2.0264,-3.4524,-3.298,21
114Q2,居家生活,14.6378,10.8599,16.6491,11
114Q2,建材營造,16.792,13.3269,9.5864,52
114Q2,數位雲端,3.8825,3.3959,18.4265,7
114Q2,橡膠工業,6.0425,3.2103,3.6424,10
114Q2,水泥工業,10.5109,8.1428,4.7194,7
114Q2,汽車工業,6.439,4.8366,6.7009,39
114Q2,油電燃氣業,-0.9545,-0.3064,-0.6344,8
114Q2,玻璃陶瓷,-1.3462,-3.3946,-3.159,5
114Q2,生技醫療業,13.1393,10.3327,7.1423,50
114Q2,紡織纖維,6.5902,3.7651,4.7477,35
114Q2,綠能環保,14.378,12.3134,13.9118,20
114Q2,航運業,23.4481,18.999,18.4851,23
114Q2,觀光餐旅,7.4735,4.7613,7.3894,15
114Q2,貿易百貨,4.0729,4.8003,12.1721,15
114Q2,資訊服務業,5.3829,4.6885,12.0766,11
114Q2,通信網路業,10.1172,8.2134,12.2281,43
114Q2,造紙工業,0.01,0.1521,0.2245,6
114Q2,運動休閒,7.2827,5.2514,11.6197,18
114Q2,鋼鐵工業,3.3117,1.6121,2.3053,23
114Q2,電器電纜,3.4394,2.6829,3.7057,15
114Q2,電子通路業,2.0117,1.1699,11.6602,18
114Q2,電子零組件業,10.3489,7.671,12.2108,100
114Q2,電機機械,13.0864,11.8181,11.8751,46
114Q2,電腦及週邊設備業,3.7914,2.9868,16.1358,62
114Q2,食品工業,5.554,3.8317,12.0963,24
114Q3,光電業,2.4249,4.3104,4.7185,66
114Q3,其他,12.1147,9.5374,9.3396,47
114Q3,其他電子業,3.6635,3.056,11.92,43
114Q3,化學工業,9.6197,8.5378,9.2701,25
114Q3,半導體業,33.0964,29.5035,25.1903,78
114Q3,塑膠工業,-2.1127,-2.69,-2.3227,21
114Q3,居家生活,14.0764,10.5861,14.9722,11
114Q3,建材營造,15.8181,12.8674,8.8761,52
114Q3,數位雲端,3.8101,3.4054,17.5272,7
114Q3,橡膠工業,4.1376,0.3296,0.3441,10
114Q3,水泥工業,10.4315,3.9073,2.1592,7
114Q3,汽車工業,5.8359,4.3395,5.7,39
114Q3,油電燃氣業,1.0942,1.4228,2.7243,8
114Q3,玻璃陶瓷,0.5247,-0.9811,-0.8837,5
114Q3,生技醫療業,12.1872,10.5202,7.0833,51
114Q3,紡織纖維,6.0576,3.6995,4.3648,35
114Q3,綠能環保,14.4904,12.3382,13.1391,21
114Q3,航運業,17.7423,15.2717,12.9574,23
114Q3,觀光餐旅,7.302,4.9268,7.4549,15
114Q3,貿易百貨,4.095,4.7249,10.811,15
114Q3,資訊服務業,5.3898,4.7826,12.4708,11
114Q3,通信網路業,10.2525,8.7608,12.9496,43
114Q3,造紙工業,-0.3563,0.565,0.7745,6
114Q3,運動休閒,6.9241,5.1135,10.0457,18
114Q3,鋼鐵工業,3.5183,1.7264,2.3626,23
114Q3,電器電纜,3.2029,3.5313,4.2772,15
114Q3,電子通路業,2.0378,1.2744,11.4853,18
114Q3,電子零組件業,10.1028,8.1141,12.0775,101
114Q3,電機機械,11.529,10.4132,9.7739,46
114Q3,電腦及週邊設備業,3.7629,2.9573,15.634,62
114Q3,食品工業,5.5409,3.9151,11.2207,24
114Q4,光電業,2.4161,3.4219,3.6267,66
114Q4,其他,12.8258,10.2234,9.4416,47
114Q4,其他電子業,3.7584,2.8986,11.1293,45
114Q4,化學工業,9.2633,7.602,7.8182,25
114Q4,半導體業,34.5511,30.8511,25.5168,81
114Q4,塑膠工業,-2.1764,-2.7321,-1.9783,21
114Q4,居家生活,14.1543,10.2606,13.2667,11
114Q4,建材營造,14.6719,11.1262,7.8018,52
114Q4,數位雲端,3.7098,3.3497,15.2833,9
114Q4,橡膠工業,4.0216,3.0637,2.9303,10
114Q4,水泥工業,8.7874,0.888,0.4523,7
114Q4,汽車工業,5.3809,3.5319,4.4743,39
114Q4,油電燃氣業,1.9154,1.9987,3.3261,8
114Q4,玻璃陶瓷,1.4156,-0.3114,-0.2611,5
114Q4,生技醫療業,13.0746,10.1077,6.67,51
114Q4,紡織纖維,6.2371,3.6107,4.0158,37
114Q4,綠能環保,15.0567,14.604,13.6335,23
114Q4,航運業,15.1441,13.354,10.4073,23
114Q4,觀光餐旅,7.6943,5.6374,8.3851,15
114Q4,貿易百貨,3.9462,4.9451,10.8704,15
114Q4,資訊服務業,5.4922,5.1231,13.1297,11
114Q4,通信網路業,10.3115,8.8032,12.9039,43
114Q4,造紙工業,0.2533,1.4731,1.8487,6
114Q4,運動休閒,6.6164,5.6048,10.2569,18
114Q4,鋼鐵工業,3.8374,1.9262,2.504,23
114Q4,電器電纜,3.067,4.0949,4.5996,15
114Q4,電子通路業,2.1491,1.3617,11.2509,18
114Q4,電子零組件業,10.8218,8.519,12.0403,103
114Q4,電機機械,11.0423,6.3592,5.9779,45
114Q4,電腦及週邊設備業,3.9039,3.0197,16.1325,63
114Q4,食品工業,5.446,3.9506,10.7185,25
115Q1,光電業,2.5461,3.4008,3.6507,66
115Q1,其他,13.469,10.4243,9.2646,47
115Q1,其他電子業,3.9566,2.8734,11.6522,45
115Q1,化學工業,9.2155,7.4973,7.5679,25
115Q1,半導體業,37.3011,33.1593,27.2221,81
115Q1,塑膠工業,-1.404,-0.2228,-0.1513,21
115Q1,居家生活,14.0506,9.8897,13.3494,11
115Q1,建材營造,15.7444,11.5014,8.7517,52
115Q1,數位雲端,3.7318,3.2359,14.6423,9
115Q1,橡膠工業,4.8724,3.7453,3.6553,10
115Q1,水泥工業,8.9334,1.1207,0.5526,7
115Q1,汽車工業,4.8133,3.0125,3.7301,39
115Q1,油電燃氣業,5.1535,4.6717,7.3748,8
115Q1,玻璃陶瓷,2.8437,3.4836,2.7946,5
115Q1,生技醫療業,13.5261,9.4179,6.434,51
115Q1,紡織纖維,5.9487,4.2963,4.6416,37
115Q1,綠能環保,15.9404,15.0469,13.5194,23
115Q1,航運業,13.5974,12.053,9.0057,23
115Q1,觀光餐旅,7.7912,6.3963,9.6663,15
115Q1,貿易百貨,4.0199,4.8881,10.0414,15
115Q1,資訊服務業,5.4926,5.3022,14.2247,11
115Q1,通信網路業,10.5442,8.4885,12.4985,43
115Q1,造紙工業,0.7806,2.0873,2.5466,6
115Q1,運動休閒,6.1724,5.0777,8.7044,18
115Q1,鋼鐵工業,3.9852,1.7799,2.3005,23
115Q1,電器電纜,3.1104,5.3463,5.9882,15
115Q1,電子通路業,2.32,1.5375,14.346,18
115Q1,電子零組件業,11.5861,9.074,12.9268,103
115Q1,電機機械,11.4338,6.8878,6.7576,45
115Q1,電腦及週邊設備業,3.8245,2.8626,16.9162,63
115Q1,食品工業,5.3863,4.0085,10.9235,24
115Q2,光電業,2.717,5.2129,5.3865,62
115Q2,其他,11.3498,10.9837,10.1226,39
115Q2,其他電子業,4.0432,2.8901,12.1021,43
115Q2,化學工業,8.4048,6.8235,7.3106,24
115Q2,半導體業,40.5645,37.16,29.7649,79
115Q2,塑膠工業,1.0465,6.5127,3.5008,18
115Q2,居家生活,14.5316,11.0975,14.8131,8
115Q2,建材營造,17.3979,13.4343,11.4609,50
115Q2,數位雲端,3.7743,3.3067,16.2437,9
115Q2,橡膠工業,7.1923,6.2567,6.1987,10
115Q2,水泥工業,8.6956,3.0011,1.4766,7
115Q2,汽車工業,4.9719,4.1572,5.1855,31
115Q2,油電燃氣業,9.0694,8.2448,11.1342,8
115Q2,玻璃陶瓷,5.6033,7.2343,5.7518,5
115Q2,生技醫療業,16.6041,14.1487,10.2025,47
115Q2,紡織纖維,6.2732,5.6825,6.1313,36
115Q2,綠能環保,16.22,14.6359,13.9505,23
115Q2,航運業,13.1975,12.9055,10.3688,22
115Q2,觀光餐旅,8.3024,8.6547,11.9716,14
115Q2,貿易百貨,4.1982,6.5446,11.9064,9
115Q2,資訊服務業,5.4936,5.6888,16.3198,11
115Q2,通信網路業,10.8687,9.046,14.651,42
115Q2,造紙工業,1.1139,3.1291,3.59,6
115Q2,運動休閒,5.7408,5.9834,9.6551,12
115Q2,鋼鐵工業,5.5825,3.2392,4.1905,22
115Q2,電器電纜,3.2708,9.3233,9.0023,15
115Q2,電子通路業,2.49,1.7858,17.9653,19
115Q2,電子零組件業,12.8606,11.2658,15.8817,98
115Q2,電機機械,10.1533,6.782,6.8059,41
115Q2,電腦及週邊設備業,4.1259,3.1206,19.2441,61
115Q2,食品工業,5.0721,4.0665,11.3466,23
