quarter,industry,op_margin,net_margin,roe,n
2019Q2,健康護理,,8.6029,15.4745,233
2019Q2,公用事業,16.9331,9.6822,12.9201,61
2019Q2,原物料,,7.7491,12.4739,111
2019Q2,工業,7.706,7.0993,18.333,249
2019Q2,必需消費,,3.1337,14.8936,68
2019Q2,房地產,,22.18,8.0268,144
2019Q2,能源,5.2482,5.127,12.4921,68
2019Q2,資訊科技,10.3226,16.3204,30.2857,160
2019Q2,通訊服務,13.9842,8.0517,10.6473,80
2019Q2,金融,,14.0567,9.9207,156
2019Q2,非必需消費,5.1086,6.3571,32.6657,167
2019Q3,健康護理,,7.5515,13.6349,235
2019Q3,公用事業,17.3094,10.0231,13.1235,59
2019Q3,原物料,,7.5418,12.1772,111
2019Q3,工業,7.8356,6.7942,17.3821,249
2019Q3,必需消費,,2.4659,12.1407,69
2019Q3,房地產,,21.1278,7.658,144
2019Q3,能源,4.5257,4.0935,10.2896,68
2019Q3,資訊科技,10.111,16.4729,29.1289,160
2019Q3,通訊服務,13.981,9.0376,11.9299,80
2019Q3,金融,,13.4851,9.2654,156
2019Q3,非必需消費,4.9839,6.0517,31.2638,168
2019Q4,健康護理,6.8448,9.2761,17.2863,396
2019Q4,公用事業,18.6827,12.1226,11.286,100
2019Q4,原物料,7.9529,6.17,10.2025,153
2019Q4,工業,8.1801,6.6376,16.4531,338
2019Q4,必需消費,5.1002,3.3604,16.161,95
2019Q4,房地產,16.0779,18.714,8.1196,220
2019Q4,能源,1.9434,1.7901,2.9325,115
2019Q4,資訊科技,10.8239,16.1996,26.9339,289
2019Q4,通訊服務,16.3855,10.9622,12.5532,115
2019Q4,金融,,19.8283,11.4089,343
2019Q4,非必需消費,6.6605,5.2606,26.7503,220
2020Q1,健康護理,6.5706,8.6637,16.1737,392
2020Q1,公用事業,17.6338,10.1582,9.5773,100
2020Q1,原物料,7.3668,5.5306,9.2787,154
2020Q1,工業,5.7418,4.5349,12.0381,336
2020Q1,必需消費,5.044,3.4285,17.2877,94
2020Q1,房地產,15.4799,17.037,7.2266,218
2020Q1,能源,-2.9992,-4.5304,-8.063,116
2020Q1,資訊科技,10.9784,16.1466,27.396,285
2020Q1,通訊服務,16.799,10.8404,12.6897,117
2020Q1,金融,,14.0819,8.614,331
2020Q1,非必需消費,5.3686,3.7357,20.3501,219
2020Q2,健康護理,6.4221,8.1244,14.2729,386
2020Q2,公用事業,17.9634,10.2178,9.2414,100
2020Q2,原物料,8.3155,5.7371,9.3335,151
2020Q2,工業,3.6285,2.6949,6.4615,335
2020Q2,必需消費,5.0124,3.5588,17.6029,94
2020Q2,房地產,14.4392,13.3019,5.4168,217
2020Q2,能源,-6.1528,-11.4203,-18.5389,116
2020Q2,資訊科技,11.1929,15.9603,26.6812,282
2020Q2,通訊服務,16.4346,10.1888,11.2762,114
2020Q2,金融,,12.0032,6.8601,325
2020Q2,非必需消費,4.5246,2.9188,14.4771,219
2020Q3,健康護理,6.3008,7.7729,13.5813,381
2020Q3,公用事業,17.4167,10.1724,9.0028,99
2020Q3,原物料,8.22,5.7464,9.03,150
2020Q3,工業,2.2081,2.0298,4.9629,334
2020Q3,必需消費,4.9222,3.8667,19.0,94
2020Q3,房地產,14.0675,11.4651,4.5083,216
2020Q3,能源,-8.4727,-14.7358,-22.2286,115
2020Q3,資訊科技,11.3243,16.0612,26.8984,280
2020Q3,通訊服務,16.3762,9.253,10.0664,112
2020Q3,金融,,13.0272,7.2188,326
2020Q3,非必需消費,4.9524,3.1961,14.4517,217
2020Q4,健康護理,6.2214,6.6105,11.7943,442
2020Q4,公用事業,17.5539,9.3795,7.8596,102
2020Q4,原物料,8.9908,7.197,11.0047,158
2020Q4,工業,1.1676,0.5211,1.151,344
2020Q4,必需消費,4.9082,3.4609,17.284,97
2020Q4,房地產,12.6219,8.8364,3.4167,218
2020Q4,能源,-9.9344,-19.0602,-26.4284,116
2020Q4,資訊科技,11.1424,16.1079,25.7256,320
2020Q4,通訊服務,15.645,8.1478,8.8499,122
2020Q4,金融,,14.2984,7.771,340
2020Q4,非必需消費,4.7941,3.1585,13.8225,227
2021Q1,健康護理,6.5527,7.0909,12.2407,430
2021Q1,公用事業,18.4013,11.6225,10.3481,101
2021Q1,原物料,10.2761,9.3356,14.1968,156
2021Q1,工業,3.5575,2.183,5.0477,337
2021Q1,必需消費,5.2163,3.5309,17.8361,96
2021Q1,房地產,13.8198,10.9301,4.2065,214
2021Q1,能源,-2.9641,-10.3544,-13.8555,117
2021Q1,資訊科技,11.2932,17.2415,28.2202,311
2021Q1,通訊服務,17.3288,10.6221,11.5173,118
2021Q1,金融,,21.6727,12.4406,348
2021Q1,非必需消費,6.7896,5.1048,22.0652,219
2021Q2,健康護理,6.5545,7.3635,13.8883,425
2021Q2,公用事業,17.1693,11.1775,10.3526,101
2021Q2,原物料,10.2124,10.9791,17.25,152
2021Q2,工業,6.0881,4.5283,10.6408,329
2021Q2,必需消費,5.94,3.6871,17.6142,88
2021Q2,房地產,15.4224,14.3514,5.6991,213
2021Q2,能源,-0.405,-2.3367,-3.7587,115
2021Q2,資訊科技,6.9765,15.7091,27.1202,298
2021Q2,通訊服務,19.6092,14.0965,15.2804,114
2021Q2,金融,,25.2587,14.5041,348
2021Q2,非必需消費,8.0595,6.3668,27.7968,214
2021Q3,健康護理,7.0935,8.2703,15.6768,418
2021Q3,公用事業,15.5607,10.1561,9.8037,98
2021Q3,原物料,11.4848,12.0038,20.0297,147
2021Q3,工業,7.4719,4.7895,11.175,309
2021Q3,必需消費,6.7394,4.0079,18.0755,79
2021Q3,房地產,15.5897,16.6314,6.7261,213
2021Q3,能源,1.0215,1.4741,2.709,114
2021Q3,資訊科技,10.137,11.3173,15.2393,284
2021Q3,通訊服務,21.0972,16.344,18.5254,112
2021Q3,金融,,24.8691,14.5291,342
2021Q3,非必需消費,8.1296,6.443,27.3081,204
2021Q4,健康護理,7.8039,9.9178,18.2891,460
2021Q4,公用事業,14.2514,9.4369,9.4478,100
2021Q4,原物料,11.6518,12.1118,21.424,149
2021Q4,工業,8.6881,6.6359,14.8715,322
2021Q4,必需消費,6.5949,4.5817,20.7948,83
2021Q4,房地產,15.5513,18.3055,7.3434,230
2021Q4,能源,3.1801,7.2849,14.7124,117
2021Q4,通訊服務,22.1941,18.137,21.1391,125
2021Q4,金融,,25.7118,15.7835,369
2021Q4,非必需消費,8.2121,19.0396,77.5958,224
2022Q1,健康護理,7.1643,9.1198,17.6861,456
2022Q1,公用事業,13.5025,9.1093,9.7143,99
2022Q1,原物料,12.3052,12.0933,22.1496,148
2022Q1,工業,8.6149,6.6158,15.6327,323
2022Q1,必需消費,7.852,5.4339,20.9045,80
2022Q1,房地產,15.2817,19.2652,8.1343,228
2022Q1,能源,3.2025,8.0684,17.8666,115
2022Q1,通訊服務,21.8935,17.5038,20.6491,124
2022Q1,金融,,23.6207,15.2361,363
2022Q1,非必需消費,7.816,18.007,76.4279,223
2022Q2,健康護理,6.3642,8.6144,17.1756,450
2022Q2,公用事業,13.3047,9.2492,10.5587,99
2022Q2,原物料,12.2823,12.1889,23.0539,146
2022Q2,工業,8.6617,6.621,16.4677,319
2022Q2,必需消費,7.2234,5.076,20.6535,80
2022Q2,房地產,14.3638,18.3945,8.0038,228
2022Q2,能源,5.2518,10.5607,25.6472,115
2022Q2,通訊服務,20.5826,15.8906,19.2509,123
2022Q2,金融,,15.6718,10.85,359
2022Q2,非必需消費,7.6538,17.0588,74.3461,220
2022Q3,健康護理,5.7048,7.7878,15.6697,443
2022Q3,公用事業,12.378,8.227,9.9274,98
2022Q3,原物料,11.3457,11.1759,21.6935,144
2022Q3,工業,8.402,6.4782,16.6663,319
2022Q3,必需消費,6.3711,4.4154,19.0674,80
2022Q3,房地產,13.9843,18.8338,8.2925,229
2022Q3,能源,6.6301,12.7958,32.4429,115
2022Q3,通訊服務,18.6341,13.8645,17.249,123
2022Q3,金融,,13.4619,9.7603,357
2022Q3,非必需消費,7.0011,16.2195,72.9717,219
2022Q4,健康護理,4.8743,7.1466,14.1267,479
2022Q4,公用事業,13.6743,8.7093,10.7023,103
2022Q4,原物料,10.9544,10.969,19.558,145
2022Q4,工業,8.4664,6.5185,15.4832,330
2022Q4,必需消費,5.9804,4.3765,19.4332,84
2022Q4,房地產,13.7803,14.6732,6.2449,238
2022Q4,能源,7.2238,12.6996,31.8617,121
2022Q4,資訊科技,4.5944,-46.0934,-60.9048,362
2022Q4,通訊服務,14.5705,9.2984,11.9872,123
2022Q4,金融,,8.8586,6.2254,379
2022Q4,非必需消費,6.3591,12.5998,53.6132,234
2023Q1,健康護理,4.7516,6.8697,13.4921,473
2023Q1,公用事業,16.2773,10.8649,13.0962,103
2023Q1,原物料,10.3819,9.8963,17.0354,141
2023Q1,工業,8.7176,7.2661,18.5438,331
2023Q1,必需消費,5.7902,4.2372,18.86,83
2023Q1,房地產,13.459,12.0199,5.1424,236
2023Q1,能源,8.3562,13.9065,33.9518,121
2023Q1,資訊科技,3.9326,-48.7516,-62.7616,360
2023Q1,通訊服務,13.9432,8.5229,11.1994,122
2023Q1,金融,,10.0058,6.8312,377
2023Q1,非必需消費,6.4412,12.9065,54.417,233
2023Q2,健康護理,4.4176,5.8267,11.6136,471
2023Q2,公用事業,17.7678,11.6122,13.3077,105
2023Q2,原物料,9.7143,8.6533,14.6229,141
2023Q2,工業,8.9124,8.0331,19.8954,331
2023Q2,必需消費,5.9229,4.5649,19.6996,83
2023Q2,房地產,13.6781,10.3683,4.3949,236
2023Q2,能源,7.717,12.6114,28.0348,121
2023Q2,資訊科技,4.9665,-47.1216,-59.7831,361
2023Q2,通訊服務,13.5738,7.8887,10.2443,122
2023Q2,金融,,14.9037,10.3701,377
2023Q2,非必需消費,6.4706,13.2046,53.8224,233
2023Q3,健康護理,4.1452,5.9742,12.1382,464
2023Q3,公用事業,20.4475,13.8219,14.8887,104
2023Q3,原物料,9.8389,8.6088,14.1989,141
2023Q3,工業,8.8691,8.1215,19.7102,332
2023Q3,必需消費,6.697,5.2867,22.4305,83
2023Q3,房地產,14.1873,7.6497,3.1734,236
2023Q3,能源,7.1539,10.9518,22.6206,120
2023Q3,資訊科技,7.273,-43.8988,-54.8433,361
2023Q3,通訊服務,15.2125,9.3114,12.026,122
2023Q3,金融,,15.3226,11.1552,376
2023Q3,非必需消費,7.0229,13.7224,54.8412,233
2023Q4,健康護理,4.6071,4.7811,10.0178,502
2023Q4,公用事業,20.7374,14.0394,14.5272,107
2023Q4,原物料,9.4781,7.3454,11.9632,143
2023Q4,工業,8.8894,5.2858,12.3728,349
2023Q4,必需消費,6.9434,5.2009,21.7791,91
2023Q4,房地產,14.5904,8.0202,3.3637,247
2023Q4,能源,6.5819,23.9312,46.6605,120
2023Q4,資訊科技,7.9198,7.0613,10.4326,374
2023Q4,通訊服務,17.969,11.7287,14.7871,135
2023Q4,金融,,17.6599,12.3153,405
2023Q4,非必需消費,7.2723,14.2413,55.7599,239
2024Q1,健康護理,4.2855,3.5612,7.7342,497
2024Q1,公用事業,19.2203,12.7123,12.9989,108
2024Q1,原物料,9.2715,7.2534,11.6645,141
2024Q1,工業,8.8915,5.2069,12.9015,346
2024Q1,必需消費,6.9688,5.3305,22.5139,90
2024Q1,房地產,14.8523,8.7198,3.6335,247
2024Q1,能源,5.8102,22.946,44.1338,120
2024Q1,資訊科技,9.833,9.1598,12.9802,375
2024Q1,通訊服務,18.9505,12.8618,16.6868,135
2024Q1,金融,,17.1861,12.2154,405
2024Q1,非必需消費,7.5258,14.3425,55.0868,237
2024Q2,健康護理,4.5176,3.9586,8.7912,491
2024Q2,公用事業,19.0695,12.4922,12.817,107
2024Q2,原物料,9.3762,7.4668,11.8264,140
2024Q2,工業,8.7041,4.813,11.9944,344
2024Q2,必需消費,7.1136,5.3152,21.3664,90
2024Q2,房地產,14.8918,8.7912,3.7179,247
2024Q2,能源,4.9354,22.256,40.1207,120
2024Q2,資訊科技,11.7826,10.6655,13.8141,371
2024Q2,通訊服務,19.2396,13.1243,17.0808,136
2024Q2,金融,,17.3142,12.156,405
2024Q2,非必需消費,7.6913,14.3708,53.2345,237
2024Q3,健康護理,4.887,3.7889,8.3582,482
2024Q3,公用事業,19.5063,12.91,13.1284,107
2024Q3,原物料,9.386,7.2568,11.2171,137
2024Q3,工業,8.8127,4.8441,11.8724,344
2024Q3,必需消費,6.85,5.2555,21.1183,88
2024Q3,房地產,15.3705,8.9171,3.8276,248
2024Q3,能源,4.0513,21.5955,37.0944,120
2024Q3,資訊科技,11.7895,9.5833,12.5243,371
2024Q3,通訊服務,19.4697,13.0705,16.9884,133
2024Q3,金融,,18.6735,12.9053,406
2024Q3,非必需消費,7.9665,14.3936,51.7015,234
2024Q4,健康護理,4.4519,7.5565,17.0922,524
2024Q4,公用事業,19.5187,13.1352,13.5667,114
2024Q4,原物料,8.9902,7.1814,11.1202,150
2024Q4,工業,8.6257,6.0825,13.6424,359
2024Q4,必需消費,6.8878,5.214,20.7152,92
2024Q4,房地產,15.9903,7.1115,3.1838,263
2024Q4,能源,3.4119,12.8218,21.8541,135
2024Q4,資訊科技,12.8939,8.7353,11.3799,393
2024Q4,通訊服務,20.9434,15.3748,19.613,147
2024Q4,金融,,19.973,13.7436,439
2024Q4,非必需消費,8.1358,10.8413,38.478,242
2025Q1,健康護理,4.8644,5.011,11.3751,522
2025Q1,公用事業,19.5884,12.6783,13.0874,112
2025Q1,原物料,8.3395,6.4629,9.8324,150
2025Q1,工業,8.6559,6.0629,14.5888,355
2025Q1,必需消費,6.8227,4.9785,20.5075,91
2025Q1,房地產,15.7196,6.4748,2.9985,258
2025Q1,能源,3.0066,12.2742,20.894,135
2025Q1,資訊科技,13.838,9.3964,12.4351,388
2025Q1,通訊服務,21.4382,16.172,20.4,145
2025Q1,金融,,18.0775,12.6076,436
2025Q1,非必需消費,8.0974,10.9271,37.8741,239
2025Q2,健康護理,5.1737,5.742,13.2162,519
2025Q2,公用事業,19.9498,12.8976,13.3339,111
2025Q2,原物料,8.2572,6.0789,9.1242,151
2025Q2,工業,8.6537,6.1491,14.5867,354
2025Q2,必需消費,6.2426,4.4966,18.4889,90
2025Q2,房地產,15.5139,7.4259,3.4785,258
2025Q2,能源,3.009,12.1279,20.0991,133
2025Q2,資訊科技,14.7337,10.451,13.8016,382
2025Q2,通訊服務,22.7681,18.0245,22.3079,144
2025Q2,金融,,18.0272,12.2252,429
2025Q2,非必需消費,7.8613,10.6445,35.3956,238
2025Q3,健康護理,4.724,5.4894,12.7225,505
2025Q3,公用事業,19.987,13.0031,13.4836,111
2025Q3,原物料,7.9341,5.8203,8.7998,149
2025Q3,工業,8.5911,6.0767,14.3862,349
2025Q3,必需消費,6.1123,4.5494,18.2877,87
2025Q3,房地產,15.5119,8.4933,4.038,255
2025Q3,能源,3.3677,12.1446,19.1234,130
2025Q3,資訊科技,17.4227,14.4439,19.0517,374
2025Q3,通訊服務,21.4038,16.9073,21.3554,138
2025Q3,金融,,19.292,12.9376,421
2025Q3,非必需消費,7.6158,10.6878,34.1253,232
2025Q4,健康護理,4.4373,3.9465,9.3627,511
2025Q4,公用事業,20.3962,13.1864,13.8749,111
2025Q4,原物料,7.6471,5.1396,8.0405,152
2025Q4,工業,9.4492,6.9349,14.6663,346
2025Q4,必需消費,6.0449,4.6394,18.6016,85
2025Q4,房地產,16.1962,11.3557,5.3381,250
2025Q4,能源,3.6888,7.6076,11.7622,133
2025Q4,資訊科技,18.39,15.8715,20.6061,368
2025Q4,通訊服務,21.8289,18.0834,21.7972,138
2025Q4,金融,,18.1946,12.3079,430
2025Q4,非必需消費,7.0371,7.589,23.6277,222
2026Q1,健康護理,4.5077,7.7521,18.4382,496
2026Q1,公用事業,19.5991,12.5928,13.0879,110
2026Q1,原物料,8.1047,6.0004,9.296,151
2026Q1,工業,9.4019,7.3543,16.4511,343
2026Q1,必需消費,6.184,4.8016,19.4226,83
2026Q1,房地產,16.4537,12.9492,6.2424,242
2026Q1,能源,3.941,7.3688,11.6081,131
2026Q1,資訊科技,20.2014,18.6781,25.2378,358
2026Q1,通訊服務,21.9906,19.9867,23.4093,132
2026Q1,金融,,18.3043,13.0259,421
2026Q1,非必需消費,7.2713,8.1439,24.7911,218
2026Q2,健康護理,4.3851,7.2654,17.633,474
2026Q2,公用事業,18.1098,11.7819,19.9391,89
2026Q2,原物料,9.0823,7.056,10.8044,146
2026Q2,工業,9.3708,7.4599,17.0349,331
2026Q2,必需消費,6.7458,5.1149,20.6527,81
2026Q2,房地產,14.6881,11.2066,6.1824,223
2026Q2,能源,6.2162,9.3809,16.4255,128
2026Q2,資訊科技,22.2656,19.5585,28.1371,349
2026Q2,通訊服務,22.4541,25.0654,26.4055,126
2026Q2,金融,,18.5088,13.3818,411
2026Q2,非必需消費,7.6783,9.8357,27.0989,219
